text,label,score,error
Last session of the day  http://twitpic.com/67ezh,NEGATIVE,0.9926255345344543,
 Shanghai is also really exciting (precisely -- skyscrapers galore). Good tweeps in China:  (SH)  (BJ).,POSITIVE,0.9998261332511902,
"Recession hit Veronique Branquinho, she has to quit her company, such a shame!",NEGATIVE,0.9994148015975952,
 happy bday!,POSITIVE,0.9998729228973389,
 http://twitpic.com/4w75p - I like it!!,NEGATIVE,0.992530882358551,
 that`s great!! weee!! visitors!,POSITIVE,0.9998739957809448,
I THINK EVERYONE HATES ME ON HERE   lol,NEGATIVE,0.9976463913917542,
" soooooo wish i could, but im in school and myspace is completely blocked",NEGATIVE,0.9904029369354248,
 and within a short time of the last clue all of them,NEGATIVE,0.9924853444099426,
 What did you get?  My day is alright.. haven`t done anything yet. leaving soon to my stepsister though!,POSITIVE,0.994989812374115,
My bike was put on hold...should have known that.... argh total bummer,NEGATIVE,0.9989614486694336,
 I checked.  We didn`t win,NEGATIVE,0.9982855916023254,
 .. and you`re on twitter! Did the tavern bore you that much?,NEGATIVE,0.9576518535614014,
"I`m in VA for the weekend, my youngest son turns 2 tomorrow......it makes me kinda sad, he is getting so big, check out my twipics",NEGATIVE,0.9684098362922668,
Its coming out the socket  I feel like my phones hole is not a virgin. That`s how loose it is... :`(,NEGATIVE,0.999376118183136,
"So hot today =_=  don`t like it and i hate my new timetable, having such a bad week",NEGATIVE,0.9896444082260132,
 Miss you,POSITIVE,0.9993553757667542,
Cramps . . .,NEGATIVE,0.9992820620536804,
 you guys didn`t say hi or answer my questions yesterday  but nice songs.,POSITIVE,0.9994423985481262,
"I`m going into a spiritual stagnentation, its exploding my ego!. I now realise, i`m not all that great. and I`m ok with that.",POSITIVE,0.9920406937599182,
Stupid storm. No river for us tonight,NEGATIVE,0.9996335506439209,
My dead grandpa pays more attention to me than you do,NEGATIVE,0.8726933598518372,
"... need retail therapy, bad. AHHH.....gimme money geebus",NEGATIVE,0.9997889399528503,
about to go to sleep,NEGATIVE,0.9994563460350037,
 you are lame  go make me breakfast!!,NEGATIVE,0.9994770884513855,
 thats so cool,POSITIVE,0.9998492002487183,
"hey peoples, dont you just hate being grounded haha, im just sat eating an apple and watching death note (some anime)",POSITIVE,0.9397628307342529,
"Huh, another ScarePoint coding Sunday",NEGATIVE,0.9943536520004272,
 look who I found just for you  --->  http://twitter.com/DJT2009,POSITIVE,0.9776191711425781,
"No AC, the fan doesnt swing our way ... we are sweating it out on a hot humid day",NEGATIVE,0.996619462966919,
 guess that depends on if you want to be on the jury,NEGATIVE,0.9976211190223694,
resorted to eating Mickey Ds ALONE.,NEGATIVE,0.9934811592102051,
"There is a faux gothy chick looking at me, sorry I am not going to camden and I like pop-punk and jimmy eat world",NEGATIVE,0.9990643858909607,
 did he ask for your Twitter ID? Your sun sign?,NEGATIVE,0.9986146688461304,
 where`d you go!,POSITIVE,0.9984922409057617,
Watching Body of Lies...good film,POSITIVE,0.9998162388801575,
Happy mothers day mumm  xoxo,NEGATIVE,0.5842651724815369,
So I really need to put the laptop down & start getting ready for  shindig...But I`ve missed my TwitterLoves all day,NEGATIVE,0.9992764592170715,
 I`m sorry  at least it`s Friday?,NEGATIVE,0.9995273351669312,
"feels sorry every time I`m printing out, I use like 200 new papers",NEGATIVE,0.9994354844093323,
 4n? ma rog  never heard of it  esti beat acum? u tweet too much,NEGATIVE,0.9799479246139526,
 I always forget SOMETHING when I travel. I am at Newark airport.,NEGATIVE,0.9786538481712341,
Should have left car and walked home! I might need someone to rescue me with petrol! Light flashing,NEGATIVE,0.9988517761230469,
i`m only updating this so that brett`s phone beeps  but really.. looking at wedding stuff. again.for the next five months.,NEGATIVE,0.9991625547409058,
" Hi there.  I agree!  Small children should be running about happy, not breaking down in tears",POSITIVE,0.9996943473815918,
  Hope ur havin fun in da club,POSITIVE,0.9959871172904968,
i miss my old phone it worked so good until i dropped it  i want a new one for my birthday...,NEGATIVE,0.9995806813240051,
thinks SG is wonderful,POSITIVE,0.9998669624328613,
  im really sorry i know wallah how u feel this life is shittttttttt,NEGATIVE,0.9996570348739624,
Not happy,NEGATIVE,0.9997751116752625,
Is watching acoustic performances! & In the mood for a good 'FRIENDS' episode! I miss that show,POSITIVE,0.9997468590736389,
 I`ll oscillate from one to the other.,NEGATIVE,0.8602787256240845,
I`m so very tired...and have insomnia.,NEGATIVE,0.9996834993362427,
 Thanks Ennio,POSITIVE,0.9998278617858887,
 you should totally come get me and bring me to kelslaws house with you.,POSITIVE,0.9986816048622131,
" You seem nice, you`re generous and you know your stuff",POSITIVE,0.9998743534088135,
 U so dirrrrrty... Why oh why did I pick the Hawks  I figured I needed a longshot and they were a better bet than CAR,NEGATIVE,0.9944310784339905,
almost got a kitty yesterday...but it didn`t work out,NEGATIVE,0.999602735042572,
"reality needs to check in. schools over. time to party  not tonight tho, im going to bed. night, night.",NEGATIVE,0.9984486103057861,
   Caladesi was definitely a nice peaceful way to spend a Sunday! I got a lil tan!,POSITIVE,0.9997972846031189,
 i still dont know what we would do though,NEGATIVE,0.9983265995979309,
"_xo   dang it, so its not certain ? ? ? are you okay?",NEGATIVE,0.9980992674827576,
Change of plans. I am staying in Brandon.  No Papaya Salad for me.,NEGATIVE,0.995836615562439,
"Dear rain, you suck. Now I gotta change my plans for tonight",NEGATIVE,0.9767103791236877,
at starbucks with my love. eff school. i have work later too.,POSITIVE,0.9866467714309692,
I just cried whilst watching hollyoaks  .. i need a life! lol,NEGATIVE,0.988243043422699,
"Hi all, just recovering from a party, looking forward to an exciting bank holiday around the diy shops...life cant get much better.surely",POSITIVE,0.9996210336685181,
Terminator Salvation... by myself.,POSITIVE,0.9946594834327698,
" for...the...loss. dumbface  ...him, not u. what u up to on the wknd? i wanna seeeeeee ya!",NEGATIVE,0.9997444748878479,
 Why do I have to enter my registration details every time I update?,NEGATIVE,0.9980105757713318,
"On the monday, so i wont be able to be with you!  i love you",NEGATIVE,0.9246218800544739,
" Ur so cute..I`m a fan of Dream A Little Dream, This Kiss and appearances like in Dawson`s Creek  Make more flicks!",POSITIVE,0.9996335506439209,
 TGIF is right...I think I broke my toe last night - on my bad foot.,NEGATIVE,0.503603994846344,
" Oherr it`s soon then, do you have plans? I had a party on saturday  x",NEGATIVE,0.9381864070892334,
_LaMont yr very young looking dude,POSITIVE,0.9708677530288696,
": hmmm, wrong link, ignore my tweet",NEGATIVE,0.9993809461593628,
AT&T cheated the system and now I have no Green Day tickets  **** you AT&T!,NEGATIVE,0.999671220779419,
Tracy and Berwick breaks my achy breaky heart  They split ways in the hallways.,POSITIVE,0.7768417000770569,
" yep, i wish they were all playing dubiln",NEGATIVE,0.9901732206344604,
 im a lady and ladies don`t move couches. they direct where the couches go,NEGATIVE,0.9934483170509338,
 Yay for Block Party!  You`re the BOMB! Blockheads <3 Dave!   Thanks for supporting NKOTB!,NEGATIVE,0.9923168420791626,
 26th February,POSITIVE,0.9905755519866943,
Guess what? mom adopted a kitty today (11 months) His name is Corky,NEGATIVE,0.9881582856178284,
Happy Birthday Snickers!!!! ? I hope you have the best day ever! Let`s go shopping!!!,POSITIVE,0.9997469782829285,
 Thank you!  I`m working on `s,POSITIVE,0.9998499155044556,
 lol man i got 2 1 /2 hrs an iont how i woulda made it wit out my ramen noodles and t.v. Time,NEGATIVE,0.9674745202064514,
Not feeling all that well today,NEGATIVE,0.9995933175086975,
"http://twitpic.com/4wp8s - My ear hurts, and THIS is my medicine. GUM",NEGATIVE,0.994838535785675,
_berland LMAO I know I know,POSITIVE,0.9409965872764587,
Gnight shar   <(` `<)Vega(>` `)>,NEGATIVE,0.8827271461486816,
The underwire in my bra is sticking out and poking me in the armpit,NEGATIVE,0.9814075827598572,
Happy Mothers Day!!!,POSITIVE,0.999862790107727,
"Yes, I am",POSITIVE,0.9997121691703796,
 I can`t call Mitch!  Im from sweden!,NEGATIVE,0.5754110813140869,
Happy star wars day! May the fourth be with you,POSITIVE,0.999874472618103,
was so excited to eat the wartermelon i bought the other day and it was terrible and not sweet,POSITIVE,0.9991341233253479,
i just watched Marley & Me...i cried so hard!,NEGATIVE,0.8259968757629395,
Take antibacterial to school to clean your hands when you cant go the loos,NEGATIVE,0.9953338503837585,
I`m leaving work now. Trying to decide if I return on Sunday afternoon or Monday 4 am to meet a noon (UK time) deadline.,NEGATIVE,0.9996211528778076,
 haaaw..well i get out of class at 10:50..i hope i make it,NEGATIVE,0.8490690588951111,
"oooh, sunshine! A patch of sunshine! And it will be gone by the time I leave work and replaced with rain.  /vent",POSITIVE,0.9998840093612671,
skype call with billie but my webcam dont work,NEGATIVE,0.9994315505027771,
"Just had a great study time followed by a delicious Japanese meal with Arty! Now, trying to get back into the study mood",POSITIVE,0.999825656414032,
FML not having a car is prohibiting finding a job,NEGATIVE,0.9971611499786377,
"  lol since I got twitter a little while ago, it seems like loads of people setting up an account",NEGATIVE,0.9712610840797424,
 I want to see David cook!!,POSITIVE,0.9995421171188354,
 yeh me 2,POSITIVE,0.9880635142326355,
 learning tat the scenic way  din plan to go town but somehow was herded there?,POSITIVE,0.7397011518478394,
" i don`t want to do anything specific, i just want to see you and puppy!",NEGATIVE,0.9837332367897034,
 yeah i need his fricken cell number ive tried his home for months and hes too busy. i miss braddddddddd,NEGATIVE,0.9939337372779846,
Toy Story 3 trailer premiered with Up. I need my computer back.,NEGATIVE,0.9968768358230591,
ughh on the phone with HP!,NEGATIVE,0.9968647360801697,
And- hand made by Dan & Jenn -sock blockers ... made from exotic woods ... one of which is called 'purple heart',NEGATIVE,0.9985272884368896,
 yay about breaking 200!,NEGATIVE,0.7755348086357117,
 bahah sadly I am not,NEGATIVE,0.995383083820343,
 i always have those for my Champions League parties  Tis awesome,POSITIVE,0.9998466968536377,
" well, not all. just stay away from those kinds and surround yourself with those who don`t. happy mother`s day to ur mom, treiz!",NEGATIVE,0.6757477521896362,
_Adel they didn`t reply yet.. wait till they confirm.. in case somebody might have translated it already..,NEGATIVE,0.9986996650695801,
 thats rough. hubby had knee surgery but it did help him in the end. Let us know the results. We`ll keep him in our prayers,POSITIVE,0.9865958094596863,
might have to go back much earlier than expected. bye bye bay area,NEGATIVE,0.9828753471374512,
"Playin City of Villains, wishin my buddies were playin with me.....",NEGATIVE,0.9922853708267212,
" yep - three things: a good haircut, the ability to listen and the value of not taking yourself too seriously",POSITIVE,0.9998410940170288,
 riley hacked my twitter!  hahaha :],NEGATIVE,0.9934826493263245,
Big Sad Face   Bing doesn`t work on iPhone.  It just takes you to the regular mobile Live search.,NEGATIVE,0.9991855025291443,
 I liked it.  Did you record it yourself?  If so you have a very soothing voice.,POSITIVE,0.9982342720031738,
man im so sad school is ending  but then again high school might be better :O,NEGATIVE,0.987893283367157,
" Folks thought it was hilarious when I told them the story, and then they saw the shirt I wore tonight.  Laughter all night.",POSITIVE,0.9995899796485901,
 you`re the absoute best,POSITIVE,0.9997690320014954,
oh my god!!! i cried so much!!! watch this guys from BGT  http://bit.ly/5t5Xz,POSITIVE,0.9974145889282227,
My near daily exercise is starting to show results.,POSITIVE,0.9893395304679871,
 Welcome!,POSITIVE,0.9998255372047424,
Bout to hit pmark then make one of my final meals wit the housemates..,POSITIVE,0.5472960472106934,
: you get to go home and i have to go to work,POSITIVE,0.8972153067588806,
voted for  on CMT.com,POSITIVE,0.9227716326713562,
"just got home from a nice party, just not tired yet",POSITIVE,0.9914444088935852,
Now I have a sunburn,NEGATIVE,0.9973735809326172,
I have the Job  this is a nice day it can not be better,POSITIVE,0.9990304708480835,
I wish I could go to #BEA this weekend.,NEGATIVE,0.8834559917449951,
"I <3 Rupert Grint......& of the boy, Ive accepted tht I do fancy him  But im certain he doesnt feel the same so its not worth telling him",POSITIVE,0.9710039496421814,
 love your books,POSITIVE,0.9998385906219482,
ok so this eye doctor guy is taking forever and i`m sitting in a cold room by myself...what? A jerk!,POSITIVE,0.9935750365257263,
Im Slowing on My Tweets..Cuase I Lost My Phone,NEGATIVE,0.9997702240943909,
 well thank your phone for me.,POSITIVE,0.9991191029548645,
 why would they take a photo with stuffed animals?! that`s pretty funny,NEGATIVE,0.9969127178192139,
TweetDeck is acting really strange! Hum........ reinstall maybe. Update on the horizon? Or is it just another Adobe memory leak,NEGATIVE,0.9892260432243347,
tikcets are only Ã¯Â¿Â½91...each...BUT I SO WANT TO GO,NEGATIVE,0.9903602600097656,
 Happy Mothers Day,POSITIVE,0.9998577833175659,
 It`s gonna be hot here today too. today is Ryan`s last day of pre-k. I can`t believe it!  I`ve been a SAHM since I had him!,POSITIVE,0.9987565279006958,
is dreaming of the weekend... awake!,POSITIVE,0.9992110729217529,
"Oh, **** me. I`ve just returned from the Supermarket Of Doom to find that I have nothing to drink here.",POSITIVE,0.9582411646842957,
 yay but you missed naptime,NEGATIVE,0.9531070590019226,
"D-group Saturday`s, with a little bit of football, an hour nap, 3 hours of soccer, basketball in the TSU and Yogurtland... Life`s Good",POSITIVE,0.9796316027641296,
just set up a new computer again. 15min. I love Norton Ghost.,POSITIVE,0.998191773891449,
Ahhh my mommie got me new sheets for my bed  so comfy,NEGATIVE,0.9706336259841919,
_celeste  finally some sleep in silence,NEGATIVE,0.9975134134292603,
im just up :-| and its 12:43 :O  im so lazy thank god its a bank holiday,POSITIVE,0.9329301118850708,
is pretty dang tired. but chambers class is for napping.,NEGATIVE,0.9680083990097046,
i have to poop...   is hogging the shitter,NEGATIVE,0.9988125562667847,
YES! Im down to 50% full on my dvr  i was at 98% like 3 days ago... lol I swear if I didnt have a dvr I would never watch tv,NEGATIVE,0.9349143505096436,
Happy muthath`s day to all moms!!! I salute you!,POSITIVE,0.9996212720870972,
Hahaha! Alright  ..,POSITIVE,0.9983453750610352,
 Aren`t you suppossed to support the local economy ... LOL ... good for you and congrats,NEGATIVE,0.9570906758308411,
 good to know   thanks,POSITIVE,0.9998528957366943,
 what are you? flavor of the day?,POSITIVE,0.9993377327919006,
weathers let me down this morning...ugh!...hada gd nite tho!,NEGATIVE,0.9989492297172546,
Just listened to condre scr and got an invitation to watch their live concert on June 20th in Munich http://bit.ly/DAXA0  #postrock,POSITIVE,0.9936423301696777,
" E.L.O.  wow, brings back so many happy memories.  LOVE this band!..and yes, I know I`m showing my age but I don`t care",POSITIVE,0.9998712539672852,
 that`s a very cute picture ... but you don`t get fat from licking BBQs ... he must have found some chops on someone else`s ...,POSITIVE,0.9992125034332275,
 oh i love sunday mornings like this - mum just made scrambled eggs on toast,POSITIVE,0.6559001803398132,
"hate working when its sunny,boohoo",NEGATIVE,0.9989822506904602,
is ONLiNE  http://plurk.com/p/stjdg,NEGATIVE,0.9734036922454834,
bundy. in 3 days.!!!! warm weather here i come!,POSITIVE,0.9994111061096191,
Wondering if i cld make things any worse than they already are... answer.. JUST DID!!!,NEGATIVE,0.9993595480918884,
a Dutch marketing agency is asking job applicants to apply in 140 characters or less  http://www.energize.nl/twillicitatie/,NEGATIVE,0.9901676177978516,
Twitter has spoiled all the fun. Frustratingly slow!!  couldnt even bid properly!,NEGATIVE,0.9993031024932861,
_chick haha. I completely agree,POSITIVE,0.9997522234916687,
"If we don`t pack, she can`t leave, right?",NEGATIVE,0.8455150127410889,
 ****  lol....where u headed to?,NEGATIVE,0.8854215741157532,
Going to bed after a great night with a friend  glad to know she has the same feelings about classes as someone else,POSITIVE,0.9972097277641296,
" many! mine included. ahem. shld have known better back then, wldn`t have missed so many opportunities haha",NEGATIVE,0.9663033485412598,
it`s nice to leave the office when the sun is still up,POSITIVE,0.9982430934906006,
I will miss the soccer moms,NEGATIVE,0.9991381168365479,
" between the Garlic Pills, the Spider bite between your toe (LOL-Classic) and you always being hungry. U are killing me 2 funny",NEGATIVE,0.9566000699996948,
 *sighs* Ah well.  Maybe my second email will clear it up and get him approved.,POSITIVE,0.9886934161186218,
"  Missed all your tweets again Joe, **** that time difference!!! (UK) Dont 4get about your fave supporters in the UK!!!  ****",NEGATIVE,0.9989326596260071,
 --that came to my mind. So I said it. And it has now been adapted into my family`s vocabulary,POSITIVE,0.9946746826171875,
looking forward to body works today,POSITIVE,0.9996377229690552,
just watched yes man. bahaha. that movie is messed up,NEGATIVE,0.9989210367202759,
 Sadly I think I know exactly were you put it--in the expired drawer   Those things have a life span of less than two years,NEGATIVE,0.9997332692146301,
" Too much? No, not unless one of the pillows ends up suffocating the one sleeping next to you.",NEGATIVE,0.9989914298057556,
Meeting my best friend first thing in the morning to the gym! Omg I am still so shocked. I hope you will get better soon,POSITIVE,0.9972155094146729,
Wow that was fast...next up Soderling or Ferrer. Gilles Simon lost,POSITIVE,0.9981005787849426,
 Yup theory is GREAT but the reality is beyond imagination...  I also made the same planning not knowing VS will FAIL on me,NEGATIVE,0.9898255467414856,
 glad to know that the ad display problem was due to a firewall config at yr office. phew!,NEGATIVE,0.9995362758636475,
 woot!,NEGATIVE,0.98248690366745,
"'I don`t like Monday, i wish it were sunday, cause that`s my fun day.'  that was my freaking jam when i was little.   i miss it.",NEGATIVE,0.9966281056404114,
 ???    ?????? - http://bit.ly/nAcK2,NEGATIVE,0.9951124787330627,
"Waiting for the last movie to finish then am test screening Ghost of Girlfriends Past, glass of wine and lolly bag in hand, yay!",NEGATIVE,0.9986993074417114,
Happy #StarWarsDay. May the 4th be with you!  From everyone _paintball,POSITIVE,0.9998272061347961,
Must head back to the office,NEGATIVE,0.9822791814804077,
St joe is dirty.,NEGATIVE,0.9992838501930237,
http://twitpic.com/4w67k - Camping at black butte lake,NEGATIVE,0.994330883026123,
" are you getting my messages or do you have to add me to recieve them, soz I`m new to this",NEGATIVE,0.9974673986434937,
I hate my life,NEGATIVE,0.9991656541824341,
sick to my stomach.. and i have a headache.. i wish someone could come rub my temples.,NEGATIVE,0.9997174143791199,
 ****! natalya! you gotta tell me whats going on!!! i`d call you but i lost all my phone numbers when i broke my blackberry,POSITIVE,0.998859167098999,
just thought about how unfair 3 ppl have been 2 me n got depressed again  HATERS!!!,NEGATIVE,0.9986752867698669,
crying real tears,NEGATIVE,0.9570211172103882,
_Brown been holding onto this one for a while  http://twitpic.com/4w5eh,NEGATIVE,0.940836489200592,
 Panchito`s burfday party tonight... wish you were here kiddo!,NEGATIVE,0.9775028824806213,
Back from town and my Mac crashed on me  but it`s better now,POSITIVE,0.9851933121681213,
ARCHIE ANDREWS WHAT WERE YOU THINKING?! veronica?,NEGATIVE,0.9753330945968628,
the best things in life are free  x,POSITIVE,0.9996553659439087,
misses my Mom today. She was my Best Friend and even though she has been gone several yrs I still miss her dearly. Happy Mother`s Day,NEGATIVE,0.9980243444442749,
I am watching Blood + on veoh episode 19 love the music.wishing i could watch the live action but not old enough,POSITIVE,0.9989827275276184,
 that is a bummer,NEGATIVE,0.998847484588623,
 He is the truth! But what about Maxwell? You can`t forget the future father of my children!,NEGATIVE,0.9846295118331909,
http://twitpic.com/665jw The racoons ate our bread!,NEGATIVE,0.9949907660484314,
Be sure to let the moms you know how fabulous you think they are!!   Almost Mother`s Day.,POSITIVE,0.9998074173927307,
"_in_a_story Glad I`m not the only one. He`s our baby, and I`m terrified he`ll think we`re never coming back.",NEGATIVE,0.9262868165969849,
No launch today. Teacher changed plans and we watched a stupid move about tesla,NEGATIVE,0.9997088313102722,
  it`s very pleasant. i sooo rarely just have time to kill...,POSITIVE,0.9998579025268555,
 thank you!! ooh I see you`ve read Desert Islands http://is.gd/ys6K great book!,POSITIVE,0.99979168176651,
__O lol but tiz a good song,POSITIVE,0.9993686079978943,
Again working on the internet shop ... don`t think we will achieve the goal of uploading by the previously set time   Will keep going,NEGATIVE,0.9992049336433411,
"@_Anix_ I bought cheesecake ice cream last week, thinking it was good, and it sucked so much.   I`m taking yours.",NEGATIVE,0.9402743577957153,
 what causes the frustration buddy?,NEGATIVE,0.9979047775268555,
_Wright THANK YOU! 'Return of the Mack' is THE jam!,POSITIVE,0.9993332028388977,
Ready for this saddenning depressing dullful upsetting dreadful weekend.,NEGATIVE,0.9994338154792786,
sorry for my lack of tweets  ive been buzy. new vid this saturday!!,NEGATIVE,0.9995352029800415,
" I do my humble best  Going on a works paintball day soon so that should fuel a few strips, no doubt",POSITIVE,0.9869094491004944,
going to bed  cant take thiss any longeerr maan. [U],NEGATIVE,0.9887712597846985,
_Morden ..be at richard`s. if not then i`ll see you when you/we get back  good luck!,NEGATIVE,0.9108731746673584,
 Thanks...I really do appreciate that. I know it will be the hardest thing I have ever done,POSITIVE,0.9998300075531006,
Spent the last hour signing yearbooks. I`ll miss you guys!,POSITIVE,0.999068558216095,
And I just love every little thing about you...,POSITIVE,0.9998708963394165,
My mobile has stopped recieving text messages AGAIN. Stoooopid thing,NEGATIVE,0.9869764447212219,
" Hi Simon, let me know when it`s done",POSITIVE,0.9970466494560242,
Had an amazing night with my favorite lady friend,POSITIVE,0.9998666048049927,
_Oyler Poor little woman with her smushed in head,NEGATIVE,0.9976761937141418,
is fixin to clean the house for my mom for mother`s day,NEGATIVE,0.9948257803916931,
"Why do you think people say, 'save the drama fo yo mama?' I`m sure even yo mama wouldn`t wanna listen to ur drama. Ode to mother`s day!",NEGATIVE,0.9988994598388672,
 Hey! That`s my school! I hate that place.,NEGATIVE,0.9976775050163269,
 i did i only got 3 stars on the pre wash then failed the rince,NEGATIVE,0.9995527863502502,
MY SiSTER iN LAW JUST LEFT FOR HER PROM!! SHE LOOKED SOO PRETTY.. TEARS ALL AROUND,NEGATIVE,0.9802454113960266,
 follow me too,POSITIVE,0.9980921149253845,
bought three books!! yipee!!  now who`s with me on that read-ten-books-during-the-summer thing?,POSITIVE,0.9142477512359619,
I`m really bored! My brother went to get his permit! Stay off the roads! Jk lol! It feels like all my friends have abandoned me! Except 1,NEGATIVE,0.9997817873954773,
", goodnight",NEGATIVE,0.9532283544540405,
"_The_Moon Hiya hun! It`s just not my day. Dentist appointment (ouch!),notebook being a ****. Feeling sick  How`s you?",NEGATIVE,0.9992340803146362,
" but i do emily ahahha you scare me, so it would work",POSITIVE,0.9958576560020447,
Now I need to change my monitor,NEGATIVE,0.9993603825569153,
" I know dude, i`m doing re-runs, making Jenny watch them now too so we can have conversations LOL.  Haven`t been online much",NEGATIVE,0.7369449734687805,
WHAT ABOUT ME ??  I VOTE EVERY DAY FOR YOU !!!!!,POSITIVE,0.9843108654022217,
should not have waled past the Quad! I want to be outside having fun.,NEGATIVE,0.9551839828491211,
"just rocked home from maccas, and now signing a petition for big bang to tour aus  LOL",POSITIVE,0.9987019300460815,
i think the food i ate made me sick.. i no feel so good,NEGATIVE,0.9990493655204773,
 eagerly anticipating twitpics,POSITIVE,0.9905999302864075,
"Lots of tasks to complete today. First, wecloming new members to Canadamigos Social Networking site, www.canadamigos.com, and coffee",POSITIVE,0.9001963138580322,
Just wants to stay in bed all day but has to go to work instead  sux,NEGATIVE,0.9985446929931641,
chillen trying to figure this thing out gettin drunk,NEGATIVE,0.9980213642120361,
yay doctors  now interview then back 2 the doctor`s for blood work,NEGATIVE,0.9775508046150208,
Filming at a carnival for my music video... It reminds me of the Cherry Festival that I used to go to back home... Ahhh memories...,POSITIVE,0.9995191097259521,
I`m siiiiiickkk  I dun feel good!!,POSITIVE,0.9997473359107971,
 Propellerheads has been on my harddrive for a long while. Just got my music repo back in shape this WE and felt nostalgic,NEGATIVE,0.9930522441864014,
Glorious sunny day in London town.. I`m in drama school fighting people with swords while protecting my romantically structured face,POSITIVE,0.9998844861984253,
_89 I feel so sorry for her  hope she dnt cry 2nd time,NEGATIVE,0.9984472393989563,
would wish the severe migrains would stop!!! doc`s prescriptions arent working,NEGATIVE,0.9915676712989807,
"09/09 +full moon+ my lovely friends and family= my b-day wish came true;)<3 In addition,gray matters is one of the cutest movies ever!!",POSITIVE,0.9997044205665588,
My Life Would Suck Without You - Kelly Clarkson,NEGATIVE,0.994879961013794,
revising for exams,NEGATIVE,0.730588972568512,
" you should so host the next logies, i only laughed at your bit really",NEGATIVE,0.993696391582489,
 Hi Jordan i`m gonna all of u...I know ur busy and i know ur probably tired. but please reschedule NC. don`t leave us out.,POSITIVE,0.9992372989654541,
__joy i feel like red lea now,POSITIVE,0.9997813105583191,
 I`d love to but I think the trek from London would be a bit too much,POSITIVE,0.9858318567276001,
 hey hey,POSITIVE,0.9987137317657471,
thinks revising in the garden from 8 this morning without sunscreen isnt the best idea ive had  oucccccccch,NEGATIVE,0.9928799271583557,
Is miserable  i feel like im gona cry  sux!,NEGATIVE,0.9997832179069519,
 i know they are delicious.miss germany but like holland as well as we used to shoppin there at weekends.lol,POSITIVE,0.9998236298561096,
" LOL, very true. Maybe next year. I loooved that siggy, and I don`t remember what the password for the mod thing was  Cake?",POSITIVE,0.9990297555923462,
" lol, get watching it again  hehe",POSITIVE,0.8944537043571472,
 Hope you did great - you certainly spent enough time studying.,POSITIVE,0.9996923208236694,
 btw - downloaded iphone 3.0 sdk,NEGATIVE,0.9833583235740662,
Straighening my hair and its not going as straight as i want it to be what a  bummerrr for me,NEGATIVE,0.9980284571647644,
" I need botox work on the lips if I`m going to change my name to Angelina Jolie, but it`s a thought! Sad though about the racism",NEGATIVE,0.9993304014205933,
" me? A doctor? *laughs* oh, no, no, no. I was _crane`s patient at Arkham Aslyum, but now I work for him",NEGATIVE,0.9875656962394714,
Morning all! Have a GREAT DAY! Off to school I go,POSITIVE,0.9997835755348206,
"now, in a weird mood  muahaz",NEGATIVE,0.9951091408729553,
 congrats! Photo of dre?,POSITIVE,0.9959683418273926,
"#SanctuarySunday  thanks for joining on #SanctuarySunday, follow more Sanctuary people to keep up to date on the tweets!",POSITIVE,0.991581380367279,
"Done at Disneyland, kid`s knocked out, stopped by the hotel bar and grabbed a grey goose & tonic on the way up...peace",NEGATIVE,0.996444046497345,
 ok. lol. i miss you too. i hope your cramps get better. i know how painful they can be.,POSITIVE,0.9997952580451965,
" Oh, and a very good review",POSITIVE,0.9998698234558105,
_MileyCyrus it wont let me do it twitter keeps saying over twitter capacity or something that bird keeps coming up.,NEGATIVE,0.5563039779663086,
I`m extremely hungry.... and the only thing I have in my house is Soup...  I don`t like soup... *pouts*,NEGATIVE,0.9991660118103027,
 its hilarious,POSITIVE,0.9998806715011597,
 I love the guy that was standing behind me,POSITIVE,0.999817430973053,
Bout to hit the sack...got **** to do tomorrow. Happy mothers day MOM!,POSITIVE,0.9435667991638184,
lost my DC hat ..,NEGATIVE,0.9997671246528625,
starting the video editing of the first spanking movie we did with Mina ... it will be added to the next update,POSITIVE,0.9446948766708374,
"   In effect, your podcast IS the audio version of your book. Isn`****? (plus, it has the added charm of banter  )",NEGATIVE,0.9751476049423218,
"Sunny synday morning. Nicole is up later than usual, mommy got some sleep",POSITIVE,0.9970473647117615,
Browsing  find everything about university & interior design.,POSITIVE,0.9839508533477783,
I have not tweeted for SIXTEEN DAYS! I miss it =( I`ve been having fun though! =D Ingrid on mon was frakking awesome  BBQ today!,NEGATIVE,0.9980831146240234,
 visit si fr joemar dito bataan (frm camiguin) & sum of my ofcmates& i are supposed to meet him this saturday  can`t luwas,POSITIVE,0.9500840902328491,
 I am soo excited about your pasadena seminar...if only i can find the confermation email,POSITIVE,0.9959036707878113,
Ugh I don`t feel well again all of a sudden,NEGATIVE,0.9997435212135315,
I want a new phone  I`ve seen too much cellphone commercials (,NEGATIVE,0.9997842907905579,
 we`ll test that theory  with no right arm to strum with.  Got a feelin I`ll be humming my new tunes for a while,NEGATIVE,0.9993119239807129,
 http://twitpic.com/4vuuy - That`s so cool.,NEGATIVE,0.9943428039550781,
school. 39 days !!! so exited. Amazing premier ,POSITIVE,0.9988309741020203,
  tis very useful indeed esp. for newbies like me!,POSITIVE,0.9972420930862427,
Gonna go and see my sister at Mount Sinai ....  she`s there for at least another 24 hours.,POSITIVE,0.996947705745697,
 it was just the handle tg,NEGATIVE,0.9827848076820374,
backe backe... MUFFINS!!!,NEGATIVE,0.9907844066619873,
is relaxing after working on Mothers Day.  Oh well. A good day had.  Hope you are all well,POSITIVE,0.9998563528060913,
lasttt mondayyy of classs,NEGATIVE,0.7292133569717407,
 yup!  Now I can join in on the nin access fun!,POSITIVE,0.9990807771682739,
"I just walked into work, all the while thinking that I was sitting in Bellagio this time Wednesday.",NEGATIVE,0.9975090026855469,
 unfair  I wanna go too.,NEGATIVE,0.999645471572876,
Download movie  'A Good Day to Be Black &#38 Sexy' http://tinyurl.com/ckmkul cool #movie,POSITIVE,0.9994947910308838,
Jus got back from a run up sunset blvd! My cuzin tried to kill me my legs are still movin and I`m sittin down!!,NEGATIVE,0.9789009094238281,
" Aww, that`s sad.  I miss seeing you guys on the big screen.",NEGATIVE,0.5423057079315186,
 I knooww  & my hot water bottle iss in whangamata without me. ahhhhh,NEGATIVE,0.9865511655807495,
" eeeeep so jealous ;) I`m at work  um, how can u receive Viva? Do they broadcast it online? :plz:",NEGATIVE,0.9947928786277771,
 Thank you so much phaoloo !!!!,POSITIVE,0.9998219609260559,
 the hotel should be thankful,POSITIVE,0.9953306913375854,
"Watching GH. I feel so bad for Carly.  OMG, so **** up.",NEGATIVE,0.9988024234771729,
 rofl that`s what we like to hear,POSITIVE,0.9997978806495667,
"Ok I`m frustrated, there is hella dust between the screens of my blackberry",NEGATIVE,0.9980289340019226,
IS ANYONE AWAKE?!?!?!?! oh my god i am dying here. i want to go to SLEEEEEEEEEEEEEEEEEEEEEEEEEEEEEEEEEEEEEEEEEEEEEEEEEEEEEEEEEEEP. :[,NEGATIVE,0.9899313449859619,
 We do! Its been to long! I think i have next weekend open. When are you going to have the house warming party,POSITIVE,0.9856148958206177,
"Change of plans, working inside bar tonight",POSITIVE,0.9701982736587524,
 thanks for following,POSITIVE,0.9997910857200623,
" Well, good luck then.",POSITIVE,0.999803364276886,
at work getting a quick bite to eat before having to kill my wrist self addressing 500 envolopes,NEGATIVE,0.9938593506813049,
Arghhhhhhhhh... i can`t keep up with these TwitterBones peeps,NEGATIVE,0.9986942410469055,
Undervote is just going on  I`m all overalled up,NEGATIVE,0.9927704930305481,
making german apple slice  nom nom nom,NEGATIVE,0.9609261155128479,
Looks like its another night at the office lol,NEGATIVE,0.9943548440933228,
My tummy hurts,NEGATIVE,0.9996906518936157,
Got about 2 hours sleep.,NEGATIVE,0.9894987344741821,
Anybody else experiencing painful slowdowns with facebook?,NEGATIVE,0.9953234791755676,
Lol..2 people in falcon..and boo one of them being becca,NEGATIVE,0.9738391041755676,
i really need to earn money... so that i can watch the PCD concert,NEGATIVE,0.9909958243370056,
The poor Pirate had out his last wisdom tooth and is looking really peaky.,POSITIVE,0.9896231293678284,
Mozzer cancelled tonight by the looks of it.,NEGATIVE,0.9996668100357056,
"waiting for aaron to get into town, and then leave him for work. booo",NEGATIVE,0.9768656492233276,
morning tweat tweat twitter,NEGATIVE,0.9771300554275513,
Headed home ... Charlie`s at the vet,POSITIVE,0.8493091464042664,
i wanna b maliks from taking the stage,NEGATIVE,0.9681049585342407,
is going to bed soon. happy mothers day to all the mothers  <333 ryan less than 3 weeks :],POSITIVE,0.9984467625617981,
"bored bored bored! wish i had something to do tomorrow, especially with the weather we`re to have!  not fair",NEGATIVE,0.9996559619903564,
 well even with her breakdown she was better than the other acts unfortunately! Britain`s got very little talent,POSITIVE,0.9973236322402954,
about to go to leeds shopping,POSITIVE,0.9754005670547485,
" Sadly, I can`t view that site due to region restrictions",NEGATIVE,0.9990449547767639,
"It`s 20:50 hs and i`m still at the office...really tired,wanna go home!",POSITIVE,0.729480504989624,
Aly & AJ new album this summer. YAY!,POSITIVE,0.9992669224739075,
_day26 ~ Awwwww have fun with the fam boo boo,POSITIVE,0.9955072402954102,
@ lovelytrinkets I like the way you worded that about Rocky Road,POSITIVE,0.999702513217926,
Mexican coca cola in a bottle. New favorite thing.  No high fructose corn syrup....  sugar is so awesomely old school.,NEGATIVE,0.9908761382102966,
Got people don`t let me skip sci pratical becos skola is impt and dont waste my parents money.  Nt fair.,POSITIVE,0.5578838586807251,
I have nothing witty to say,NEGATIVE,0.9997140765190125,
 me too.,POSITIVE,0.9983318448066711,
Hi ho  hi ho it`s off to work we go,NEGATIVE,0.9887470602989197,
 Thanks for the hint.  http://tinyurl.com/chtx7e.,POSITIVE,0.9980862140655518,
" u welcome babe, kill the show! Yuuupp!",POSITIVE,0.6174542307853699,
" Hey, Candis.",POSITIVE,0.9983981251716614,
 I was never a good stereotypical teen,NEGATIVE,0.9997236132621765,
I love my Maitu. N she loves me. Happy mothers day mama!,POSITIVE,0.9998074173927307,
 i am so sorry,NEGATIVE,0.9996405839920044,
i want to go to singapore but my mother seems not,NEGATIVE,0.9859614372253418,
JB on the front of factor x!!!!! wooh contest timeee,POSITIVE,0.9938951134681702,
 so u aren`t going to be in Chicago,NEGATIVE,0.9956308603286743,
i have problems wih pizza..ii love it too much..i`m so addicted to pizza  and Dot Dot Curve. >,NEGATIVE,0.777065098285675,
So tired.,NEGATIVE,0.9997878670692444,
had a lovely breakfast with mum...yummy pancakes,POSITIVE,0.9997645020484924,
 Yay! have fun,POSITIVE,0.9998722076416016,
 Why thank you... Us Mami`s are bringin` sexy back...,POSITIVE,0.9996603727340698,
 lucky! that`s awesome,POSITIVE,0.9998735189437866,
"Oh god, a moth was living in a **** power outlet!  (Actually, my PowerSquid.)",POSITIVE,0.9984834790229797,
"I am craving Burrito Boys - Large halibut, with everything on it, no jalepenos, 1 line hot sauce. Can anybody hook me up?",NEGATIVE,0.9784635901451111,
Oh is that time for real?,NEGATIVE,0.9933733940124512,
So now we`ll pay more in sales tax...great.  Even worse Mom and Pop businesses have to double what they pay in business licenses.,NEGATIVE,0.9924265146255493,
"I love  very much  I called him, but he was talking to other fans  I love you a lot Mitchel! I`ll see u in El Cajon. June 7",POSITIVE,0.9562820792198181,
I misses my bed  so sleepy!,NEGATIVE,0.9996030926704407,
"Woo! Two days till awesome gig, one day till Uni is finished for 12 days  #gigs #3yp",POSITIVE,0.9962683320045471,
No TV and no internet make Catherine something something?,NEGATIVE,0.9994113445281982,
Anyone have some advice??? I need it!!,NEGATIVE,0.9942943453788757,
Just found mj mouse flats at DJs. Of course there are none left in my size,NEGATIVE,0.9984885454177856,
I`m dreading hearing even worse news tonight,NEGATIVE,0.9989080429077148,
"so now that I have a whole 20 followers, 5 of them actual people, I don`t know what to write in here anymore",POSITIVE,0.9894875288009644,
haappy bank holiday  2 weeeeks. aah!,NEGATIVE,0.8848297595977783,
  I thought  was against licensing stores bc it takes away from the experience they want to provide,NEGATIVE,0.9978729486465454,
_a_michael It doesn`t look like you`re tired in the pic.  Don`t work too hard.,POSITIVE,0.8133403062820435,
so I slept in a little...well a lot. whooops,POSITIVE,0.9734925627708435,
says my new layout is so cute x) see the cuties ? hahahah  http://plurk.com/p/suqp6,POSITIVE,0.9981616139411926,
" Good night, Rob. Sleep well. Safe travels tomorrow!",POSITIVE,0.9983341097831726,
 i know i suck.  my data plan is weak sauce.,NEGATIVE,0.9997416138648987,
" Well I will be making beds, creating noise & cleaning cleaning all day long.  With music & a smile  x",POSITIVE,0.9945424795150757,
"  Bit of New Scientist, this weeks an last weeks, and Watership Down",POSITIVE,0.9851307272911072,
 dear oh dear.....,POSITIVE,0.9767845273017883,
my monday running so fast!,POSITIVE,0.5781430006027222,
playing at my old school playground still the same except them lame **** got rid of the tire swing,NEGATIVE,0.9996428489685059,
happy mommah`s day to your moms  http://plurk.com/p/stqya,POSITIVE,0.9997875094413757,
_Cal Work or...(hehe mind in the gutter)! I`m sittin here doin this student loan thing.,NEGATIVE,0.9857853055000305,
" Lol - I could have written that - would be good to have 2 Mondays this week, then I might catch up x",NEGATIVE,0.9961405396461487,
 you`re surrounded by them! I have no official nieces/nephews yet,NEGATIVE,0.542123556137085,
 Cant wait for DTE in Michigan this summer you guys are great look for me in the customized NKOTB Track Jacket,POSITIVE,0.9996606111526489,
 nope i have a fifth generation ipod classic  it likes to be dumb,NEGATIVE,0.9993089437484741,
 meetings are overrated.,NEGATIVE,0.9918768405914307,
 I love the smell of procrastination in the morning... oder so.,POSITIVE,0.9996800422668457,
 I considered being a nurse when I was younger but I really don`t think I could cope if a baby died,NEGATIVE,0.7110942602157593,
 I know.  I am definitely going to try and see Up this weekend.,POSITIVE,0.9988393187522888,
 Nice!!!!!!!! I WILL be there,POSITIVE,0.9998750686645508,
Oh No!!!! I must be gettin old!!!! My mom use to watch this show....I miss her,NEGATIVE,0.9989637136459351,
" lol that just totally made me laugh, which made my day",POSITIVE,0.9995310306549072,
tonight was fun,POSITIVE,0.9998534917831421,
 this creepy guy when I was walking the dog  I`ve had my fill of creepers for the day,NEGATIVE,0.990233302116394,
Good morning!  Just took the longest shower ive ever taken in my life. Like 45 to 50 min shower!! Woah. lol,POSITIVE,0.9833402037620544,
is on facebook,POSITIVE,0.5393323302268982,
I get to drive my dad to the airport so he can fly to Vegas for the WSOP... I wanna go to Vegas...,NEGATIVE,0.6507284641265869,
Franco made breakfast for Mom. Here he`s trying to cut the strawberries (only safe knife  #fb http://twitpic.com/4wsmw,NEGATIVE,0.9947578310966492,
" http://twitpic.com/4w9h2 better in person had to send u this, I feel like mouse from 'The American Tail' . Over in RI!",NEGATIVE,0.9940279722213745,
"Allergies  sun is out, wearing shorts.  Stuck with my advisory the whole day.... This should be boring. Except fun. If people make it fun?",NEGATIVE,0.9638389945030212,
 Thank you! You should know that I am both happy and sad (all at the same time) to know that. You`ve got 'The Right Stuff',POSITIVE,0.9998602867126465,
"_merchant I agree, but teenage daughter will be spending my money on the movie of their concert this week.",NEGATIVE,0.8701745271682739,
Someone out there will soon  be the lucky recipient of my 5000th Tweet. Oh wait. ****. THIS was it!,POSITIVE,0.9947510361671448,
Good  morning! Just went to bed it feels and already morning...goes fast! Now i am going to the gym soon. Have a nice day!,POSITIVE,0.9667713046073914,
 one of our governors is one of the directors of the company,POSITIVE,0.998751163482666,
no internet for a week or longer,NEGATIVE,0.9967744946479797,
Jesus Christ meadowhall could do with better air con! Too hot,NEGATIVE,0.9991994500160217,
Is listening to P!nk tunage and trying to teach my cat to dance to it... I think she`s getting it we can be backing dancers by next tour,NEGATIVE,0.9971876740455627,
 I sure she can,POSITIVE,0.9996292591094971,
"Getting ready for work and the sun is shining, plus it`s the w/e! Bgt tonight..... what am I gonna do after it`s finished?!",POSITIVE,0.9997729659080505,
"this aztec mask is harder then i thought! but u kno what, i think i did a pretty good job for not being an artist",NEGATIVE,0.9913938641548157,
"Listenin to some old school new found glory. Hedro, gimi a high school band i can down load. Besides home grown....",POSITIVE,0.9990749359130859,
"Kelly Kelly pays your bills @ 12:15, Kaden pays em @ 5:15 and  just wants you to follow him. lol He dosent get to pay bills",POSITIVE,0.9245304465293884,
 i want to gooo,NEGATIVE,0.9990693926811218,
evryone come here http://www.blogtv.com/People/GinaNicole2 were spamming so much and blogtv is glitching and it might work,POSITIVE,0.9444129467010498,
Ready for tomorrow. My mommy will get her gift for Mother`s Day. Hope she LOVES it!,POSITIVE,0.9991181492805481,
Ugh fun concert  screen cracked on phone again because it fell... =\,NEGATIVE,0.9993190765380859,
 if you take backstreet boya and put them in silk mc hammer pants with sgt peppers/beatles coats and lame music then you have SMAP,NEGATIVE,0.9571706056594849,
"So happy, my VStudio shortcuts are backkk",POSITIVE,0.8336739540100098,
 can`t wait to hear the evp! And cuuuute picture.,POSITIVE,0.9748207926750183,
Headed to verizon. Praying that pinkberry is going to make it.,NEGATIVE,0.9732584357261658,
Awaiting reply from two projects. One cancelled.,NEGATIVE,0.9994437098503113,
Coco still out,NEGATIVE,0.788259744644165,
 Have You Watched You Belong With Me?   By My Lovely Sister ) Kiddin.,POSITIVE,0.999301552772522,
 Hello again  How`d ur saturday go?,POSITIVE,0.9444352388381958,
 why aren`t you showing up as a #spymaster in my screen?,NEGATIVE,0.9976398944854736,
"Well, Sacramento, I hope you appreciate Rivkah Sass & treat her well. I`ll be sitting here in Omaha, pouting",POSITIVE,0.9997121691703796,
Leaving the beach .. Having a great day with vicente .. We needed this time together,POSITIVE,0.9924801588058472,
"Got caught in the rain. Sand Monsoon all the way home, even though i looked like a complete idiot",POSITIVE,0.9879767298698425,
just left & already misses Nashville  be back sunday,NEGATIVE,0.9991931319236755,
Going to bed after the CAVS game  Don`t judge me LOL,NEGATIVE,0.9823794364929199,
" you`re a busy Bob, I`m jealous. I`m not sure I can even afford to go meet John de Lancie and Leonard Nimoy",NEGATIVE,0.9732868075370789,
I am living in a country where the government is ALWAYS a circus show ... sad but true...,NEGATIVE,0.8555734157562256,
went twitter crazy! last nigh :p well thats what happens when u got nothin ta do at 2 o`clock in da mornin,POSITIVE,0.9624949097633362,
 I want chocolate!,POSITIVE,0.9994774460792542,
"http://twitpic.com/4ja8r - Tell me, how can you not love someone like this?",NEGATIVE,0.9932118654251099,
 yep  but I`m going better now,POSITIVE,0.9986348748207092,
Fun is being had.,POSITIVE,0.9997996687889099,
$#@! My nose stud fell out and I can`t find it  Looks like I`ll have to head into Amsterdam today and get a new one,NEGATIVE,0.9988177418708801,
_by_spork we shall see,POSITIVE,0.9978147745132446,
_other Excellent analogy,POSITIVE,0.9857317805290222,
Good morning tweeps. Busy this a.m. but not in a working way,NEGATIVE,0.9780123829841614,
" lmao, im only joking mate",NEGATIVE,0.9954073429107666,
 FOLLOW ME BABY U SAID N DA CHAT U WILL  LUV YA GOODNITE,POSITIVE,0.9995012283325195,
"been busy at work, now must run before traffic is too bad.",NEGATIVE,0.9981641173362732,
got a rad new t-shirt from my aunt. Made from some cool shiny shiny pink material.,NEGATIVE,0.9860914349555969,
 it was an awesome talk  find it very true that i am watching the ruby community closely,POSITIVE,0.9998433589935303,
#f1 in a few hours guess who is sleepin in the living room,NEGATIVE,0.9969794750213623,
 hahaha niene ur soo smart.! lmao i think that is who its by..  good lookin.. whts up gurlie?? i come home this weekend.!,NEGATIVE,0.8868736624717712,
http://twitpic.com/664oz - this is what happens when i have no models,NEGATIVE,0.9924830794334412,
"I hereby announce that I am... employed! Couldn`t be happier, Alhamdulillah!",NEGATIVE,0.9959458708763123,
"i juz registered my cp in twitter, but my tweets wont go thru? Argh..Hmm wanna follow my idols lyk  away from the PC..",NEGATIVE,0.9952095150947571,
"Speaking,,,Speaking ...",POSITIVE,0.7574830055236816,
Paid all my bills only to go out to the mailbox to find more of them,NEGATIVE,0.9974071383476257,
" I could, but that would require today not to be a duvet day. I imagine that my outfit for the Wendyhouse will be photo worthy",NEGATIVE,0.9718493223190308,
" Glad to hear you made it out, I hear that place used to be it`s own country  Looking forward to your arrival!",POSITIVE,0.9996182918548584,
"found a swing set for sale 2 blocks from home, super cheap. I want it 4 my kids but no one is answering the phone # listed",NEGATIVE,0.9975021481513977,
So many farewell parties! sad to see people leaving ..,NEGATIVE,0.9988928437232971,
 - Still a pity it comes with no lamb though,NEGATIVE,0.9966615438461304,
 I`ve got cups but you gotta come get them,NEGATIVE,0.7880615592002869,
"TAKE THAT, TAKE THAT!!!! IN YOUR FACES!!!!!!!!!!!!  Robbie won!",POSITIVE,0.9887986779212952,
 no other reason? I wonder if she loves you,NEGATIVE,0.9916713237762451,
 happy birthday ness!!,POSITIVE,0.9998658895492554,
" Wow, I really hope it gets better. Asthma sucks",NEGATIVE,0.9896994233131409,
feels ..my cousin is a monkey  http://plurk.com/p/x23pa,POSITIVE,0.6013957858085632,
"charlie and the chocolate factory, in the mood for some johnny depp, then bed. Preparing for a 14 1/2 hour wok day tomorrow",POSITIVE,0.9960629343986511,
 wasn`t the 'layers' just absolute positioned divs? Web compability killer,NEGATIVE,0.996634304523468,
Don`t you hate it when you`re left with one slice of bread left in the bag? Half sandwich.,NEGATIVE,0.9886618852615356,
Loves random acts of kindness and laughter,POSITIVE,0.999779999256134,
"Gha, off to work - hopefully traffic has cleared up by the time I get there!!",POSITIVE,0.9925751686096191,
Just watched another episode of JONAS. Is it better than Hannah Montana? Very much true!,NEGATIVE,0.9698179364204407,
Going to meet the new family I`m babysitting for... Wish I was still sleeeeping,POSITIVE,0.9996838569641113,
 Hi Heather. I dont know why... but I just saw your messages from April!! Have not been very twitter friendly...,POSITIVE,0.8892869353294373,
 I can`t belive you only have one episode to go  ****,NEGATIVE,0.9782921671867371,
 you can also watch Family Guy online. www.fancast.com  And yes I am a total shill.,POSITIVE,0.9837477803230286,
